<?xml version="1.0" encoding="UTF-8"?>
<!DOCTYPE suite SYSTEM "https://testng.org/testng-1.0.dtd">
<suite name="Default suite" guice-stage="DEVELOPMENT"
	thread-count="2" parallel="tests">



	<test name="ChromeTest">
		<parameter name="browser" value="Chrome" />
		<packages>
			<package name="BaseTests" />
			<package name="TestCases" />
		</packages>
	</test>


	<!-- <test name="FirefoxTest"> <parameter name="browser" value="Firefox" 
		/> <packages> <package name="BaseTests" /> <package name="TestCases" /> </packages> 
		</test> -->



	<!-- <test name="EdgeTest"> <parameter name="browser" value="Edge" /> <packages> 
		<package name="BaseTests" /> <package name="TestCases" /> </packages> </test> -->

</suite>
